{"header": {"seq": 0, "stamp": {"secs": 0, "nsecs": 0}, "frame_id": ""}, "height": 360, "width": 640, "distortion_model": "plumb_bob", "D": [0.024856433078286742, -0.10027831066233053, -0.028987546570912796, -0.06373320863746919, 0.0], "K": [617.1121561954515, 0.0, 256.9253974837861, 0.0, 595.737074431906, 113.66607358640098, 0.0, 0.0, 1.0], "R": [1.0, 0.0, 0.0, 0.0, 1.0, 0.0, 0.0, 0.0, 1.0], "P": [574.6585693359375, 0.0, 219.57530159976523, 0.0, 0.0, 610.1160278320312, 106.85882637709074, 0.0, 0.0, 0.0, 1.0, 0.0], "binning_x": 0, "binning_y": 0, "roi": {"x_offset": 0, "y_offset": 0, "height": 0, "width": 0, "do_rectify": false}}